3103770,The Matrix,actor,"Fishburne, Laurence"
3103770,The Matrix,actor,"Reeves, Keanu"
3103770,The Matrix,actor,"Weaving, Hugo"
3103770,The Matrix,actress,"Moss, Carrie-Anne"
3103770,The Matrix,cinematographer,"Pope, Bill"
3103770,The Matrix,composer,"Davis, Don"
3103770,The Matrix,editor,"Staenberg, Zach"
3103770,The Matrix,producer,"Berman, Bruce"
3103770,The Matrix,producer,"Cracchiolo, Dan"
3103770,The Matrix,producer,"Hughes, Carol"
3103770,The Matrix,producer,"Mason, Andrew"
3103770,The Matrix,producer,"Mirisch, Richard"
3103770,The Matrix,producer,"Osborne, Barrie M."
3103770,The Matrix,producer,"Silver, Joel"
3103770,The Matrix,producer,"Stoff, Erwin"
3103770,The Matrix,producer,"Wachowski, Andy"
3103770,The Matrix,producer,"Wachowski, Lana"
3103770,The Matrix,writer,"Wachowski, Andy"
3103770,The Matrix,writer,"Wachowski, Lana"
